round,k,model,global_best,n_cluster,n_clusters_set
9,20,DT,10.6995585087,45,50
9,20,DT,10.9644793613,20,20
9,20,DT,10.876172410199999,29,30
9,20,DT,10.870765862400003,39,40
9,20,DT,10.9176226118,10,10
2,20,DT,10.751821806600006,10,10
0,20,DT,10.939248803999998,10,10
1,20,DT,10.917622611600002,10,10
9,20,DT,10.9879077351,15,15
9,20,DT,10.910413880800002,34,35
9,20,DT,10.8203047475,44,45
9,20,DT,10.838326573899998,25,25
